t,x,y,z,vx,vy,vz
0,2.22437,1.772605,0.9960874,8.707366,7.2539287,4.939665
1,0.875825,0.6903345,0.40175408,3.4663095,2.8952377,1.9913275
2,0.18826237,0.13106239,0.1207154,0.6722065,0.61360216,0.32994494
