t,x,y,z,vx,vy,vz
0,0.6269129,0.69857365,0.369094,4.5590973,4.6091795,3.3436701
1,0.85173327,0.92795825,0.50147927,4.457373,4.6309714,3.3331397
2,0.07732287,0.0840913,0.059528083,0.42842174,0.44002667,0.28144002
