feature,mean_abs_attr
vx,4.2819605
vy,3.587589
vz,2.4203122
x,1.0961525
y,0.86466706
z,0.5061856
