feature,mean_abs_attr
vy,3.226726
vx,3.1482975
vz,2.3194172
y,0.5702075
x,0.5186563
z,0.31003392
