t,x,y,z,vx,vy,vz
0,0.31594822,0.34528008,0.18364306,2.323985,2.327492,1.6523999
1,0.41067392,0.46224266,0.24293731,2.2422588,2.3009303,1.6431173
2,0.017640507,0.017746614,0.023829982,0.10597096,0.09295987,0.0527633
