t,x,y,z,vx,vy,vz
0,0.8884688,1.0000293,0.53341067,6.8926454,6.9046016,5.224892
1,1.3086972,1.3980683,0.7777721,6.5268116,6.7833757,5.1152463
2,0.1345566,0.15362124,0.08506718,0.76453346,0.80070597,0.52487665
