t,x,y,z,vx,vy,vz
0,0.4915292,0.5473342,0.28894594,3.3096366,3.2816272,2.42771
1,0.59011996,0.64171284,0.34488064,2.8921394,2.960085,2.0966685
2,0.11231711,0.124901965,0.08328283,0.61993283,0.63137275,0.40019882
