t,x,y,z,vx,vy,vz
0,3.1702926,2.4125397,1.3905879,11.672153,9.764917,6.461346
1,0.45258522,0.4111312,0.22710463,1.1252522,1.004937,0.54014534
2,0.223879,0.12845267,0.12378871,0.6168405,0.63762844,0.34358385
