t,x,y,z,vx,vy,vz
0,1.1276429,0.8473737,0.49510455,4.04518,3.5461645,2.3883572
1,0.48822856,0.37552014,0.23062319,2.1190917,1.8092166,1.2652091
2,0.074864015,0.057056837,0.08278204,0.21409115,0.18342781,0.112266526
