t,x,y,z,vx,vy,vz
0,0.81170523,0.9016512,0.47037673,5.71012,5.9229965,4.0696816
1,1.0974419,1.2098093,0.6403277,6.1682806,6.4794974,4.477526
2,0.044777352,0.0400955,0.04593241,0.22324972,0.23506792,0.14792144
