t,x,y,z,vx,vy,vz
0,2.9719553,2.3927748,1.274886,11.299548,9.2355585,6.211719
1,1.5273379,1.2266117,0.6799077,7.3728456,6.14343,4.167019
2,0.18224086,0.13720576,0.13313809,0.78333265,0.65631884,0.3418104
