t,x,y,z,vx,vy,vz
0,1.6275889,1.4377298,0.8237708,7.812594,6.469075,4.6972346
1,1.0351497,0.7480739,0.46938065,3.2480433,2.6233737,1.9929379
2,0.27206558,0.2015341,0.14315267,1.0745614,0.9770321,0.5221188
