t,a,ecc,inc,RAAN,argp,nu
0,0.16780998,2.8703618,0.17055182,0.13383535,0.4989401,5.4883113
1,0.5137643,10.843861,0.13606681,0.23881826,0.50135326,7.120062
2,0.14536858,3.076747,0.18681347,0.24294119,0.25629935,1.6327541
