t,a,ecc,inc,RAAN,argp,nu
0,0.059644897,1.4514905,0.28979227,0.16581218,0.43751454,3.299263
1,0.21013674,4.968586,0.39127877,0.1633912,0.28571242,4.8163056
2,0.05793177,1.7155116,0.21702982,0.2505683,0.15615997,1.1562102
