feature,mean_abs_attr
nu,3.0905938
ecc,2.711862
inc,0.299367
argp,0.293129
RAAN,0.1932573
a,0.10923778
