feature,mean_abs_attr
ecc,5.596991
nu,4.7470427
argp,0.4188643
a,0.27564752
RAAN,0.20519824
inc,0.16447735
