t,a,ecc,inc,RAAN,argp,nu
0,0.081268094,1.5479074,0.08791339,0.06809058,0.26076677,1.8720382
1,0.33379367,7.107577,0.107175305,0.22231081,0.3936678,0.895647
2,0.04858683,1.2528751,0.040637307,0.055272847,0.0715221,0.37517762
