t,a,ecc,inc,RAAN,argp,nu
0,0.043733068,1.2344496,0.27137536,0.19043298,0.36818165,3.6992416
1,0.39054143,8.619289,0.3924188,0.18126836,0.35582966,14.406293
2,0.15133412,4.052679,0.16094157,0.11290272,0.2037233,3.4145334
