t,a,ecc,inc,RAAN,argp,nu
0,0.29674754,4.8415675,0.2575332,0.18337199,0.46974388,8.883604
1,0.38430017,8.950194,0.13392991,0.27500594,0.49777225,2.8095438
2,0.041111995,1.1538913,0.26499948,0.50197655,0.30621088,0.84063
