t,a,ecc,inc,RAAN,argp,nu
0,0.23577064,3.999225,0.25956106,0.20035706,0.67686385,9.177364
1,1.0763208,21.547388,0.22851397,0.37268597,0.6894194,22.507229
2,0.3621381,7.095359,0.24600938,0.16038553,0.3158595,4.573847
