t,a,ecc,inc,RAAN,argp,nu
0,0.061620943,1.3036618,0.20745671,0.13301966,0.66322154,1.1348404
1,0.1469842,3.5936258,0.3108575,0.15032557,0.29912254,1.8135351
2,0.0419388,1.4158117,0.15443926,0.2782573,0.13229978,0.24329473
