t,a,ecc,inc,RAAN,argp,nu
0,0.11807585,2.878082,0.45020205,0.2743959,0.54586643,7.513623
1,0.22525868,5.5615067,0.59931296,0.26502,0.34157205,2.5178115
2,0.024151249,0.8050165,0.42980054,0.43627682,0.21805492,0.80400807
