t,a,ecc,inc,RAAN,argp,nu
0,0.015149688,0.38976783,0.23013507,0.065400235,0.17278847,0.84934944
1,0.0777626,2.099925,0.26252577,0.056951,0.14632528,0.5275854
2,0.0143029075,0.58853817,0.12293788,0.17483613,0.07056208,0.1630037
