t,a,ecc,inc,RAAN,argp,nu
0,0.057453737,1.0927469,0.07719953,0.08352181,0.5883871,2.0202405
1,0.260642,5.770278,0.074648105,0.08527005,0.4245537,2.2678282
2,0.1296373,2.8048582,0.19560763,0.2541296,0.33160475,0.7413635
