t,x,y,z,vx,vy,vz
0,10.741902,9.491396,5.0105844,54.84685,47.5546,34.130844
1,22.801537,21.187645,12.306446,130.54799,121.53829,89.058624
2,0.34780964,0.093280345,0.95274806,0.86891985,0.78396726,0.9335099
