feature,mean_abs_attr
vx,62.08796
vy,56.62563
vz,41.37433
x,11.297081
y,10.257441
z,6.0899262
