t,x,y,z,vx,vy,vz
0,18.816248,16.333817,8.920777,94.818634,82.49995,59.790985
1,38.545757,35.516495,20.757338,223.64256,210.35915,156.31348
2,0.9193544,0.08286421,1.5863965,0.96403027,1.1745564,1.7222537
