t,x,y,z,vx,vy,vz
0,7.6140738,7.0918727,3.5848138,39.76942,35.749184,24.874043
1,17.884844,17.03855,9.542286,101.26453,95.5001,68.61487
2,0.12826839,0.12275772,0.6504403,0.84243083,0.7570007,0.7693721
