t,x,y,z,vx,vy,vz
0,13.619378,11.912133,6.201529,70.03641,59.14055,42.723892
1,28.874767,26.70849,15.780471,164.61626,149.56367,108.7771
2,0.24546945,0.13286671,1.3551698,1.4525219,0.9567156,0.93290985
