t,x,y,z,vx,vy,vz
0,2.9179096,2.6277618,1.3352101,14.762982,12.82867,9.134441
1,5.900773,5.4870048,3.145707,32.6688,30.730295,22.529066
2,0.09814661,0.034632828,0.2189869,0.21669699,0.24759735,0.3095045
