feature,mean_abs_attr
vx,14.678661
vy,13.403413
vz,8.985516
y,4.527541
x,4.446427
z,2.545291
