t,a,ecc,inc,RAAN,argp,nu
0,669.184,616.2767,1222.6234,1352.5216,1335.8434,1233.5292
1,939.7512,540.56116,915.28217,1011.10114,1040.2479,328.493
2,517.0179,241.99347,1059.3215,971.89655,1421.6167,230.06175
