feature,mean_abs_attr
argp,1265.9033
RAAN,1111.8395
inc,1065.7427
a,708.65094
nu,597.36115
ecc,466.27707
