t,a,ecc,inc,RAAN,argp,nu
0,360.86533,280.8556,423.84534,588.36035,439.2358,70.648094
1,198.27332,133.83255,160.48486,320.90735,257.5173,26.7213
2,202.01788,147.70065,299.82657,339.8024,304.53275,42.086266
