t,a,ecc,inc,RAAN,argp,nu
0,1556.7122,1442.268,3540.2942,3603.246,3849.033,4097.041
1,2898.1958,1572.4445,2824.1907,2793.731,3118.3447,920.898
2,1580.6998,496.24628,3522.7869,3076.2695,4954.846,560.04706
