t,a,ecc,inc,RAAN,argp,nu
0,496.88443,581.66925,599.4584,795.8635,645.54333,691.97595
1,409.04276,341.0282,376.66278,564.59326,400.19577,310.49536
2,225.87376,269.59833,339.03918,360.79254,319.07977,301.32538
