t,a,ecc,inc,RAAN,argp,nu
0,262.2743,160.31479,326.8953,422.61533,409.56403,74.45025
1,253.49342,114.9383,299.78958,365.17175,384.93442,55.85773
2,59.48114,54.429054,75.63514,110.72271,108.009834,16.788345
