t,x,y,z,vx,vy,vz
0,1366.5887,3361.2888,2616.707,1349.156,2491.2512,2252.1794
1,873.18555,2215.134,1702.0774,846.93665,1654.411,1544.7141
2,595.3395,1206.1708,945.24634,604.4431,934.6089,804.24347
