t,x,y,z,vx,vy,vz
0,847.5626,2269.02,1717.7773,957.8161,1635.289,1534.0969
1,539.04584,1488.3391,1106.1322,594.6383,1077.556,1041.4415
2,361.44247,818.8693,606.1754,426.24188,601.80176,552.0953
