t,x,y,z,vx,vy,vz
0,1951.7922,4761.3403,3673.826,1900.4518,3458.3691,3069.4888
1,1266.3203,3141.756,2392.3677,1192.6938,2321.1558,2126.2305
2,813.71265,1672.8192,1322.8451,855.15515,1294.3146,1103.8448
