t,x,y,z,vx,vy,vz
0,591.4731,1604.7491,1144.0261,655.7479,1146.8766,1158.0148
1,373.12457,1063.2068,744.4172,424.41013,757.5417,798.6798
2,277.34756,591.5379,422.16425,305.19818,440.89484,417.77954
