t,x,y,z,vx,vy,vz
0,15.128326,13.671295,10.123246,8.583474,8.695837,8.28897
1,14.154349,14.8385,10.99536,8.863562,9.909037,7.9966893
2,21.816862,20.314323,12.463404,12.042671,12.28302,10.315914
