t,x,y,z,vx,vy,vz
0,66.31704,56.11902,39.77619,36.478653,31.018507,32.49174
1,29.468323,27.322557,19.783155,17.60438,15.09801,16.217852
2,37.76337,31.942215,22.271378,17.401403,16.296179,17.313326
