feature,mean_abs_attr
x,44.51626
y,38.461246
z,27.276897
vx,23.828142
vz,22.007645
vy,20.804237
