feature,mean_abs_attr
x,17.033173
y,16.274706
z,11.194004
vy,10.295966
vx,9.829901
vz,8.867188
