t,x,y,z,vx,vy,vz
0,20.818857,20.727306,15.122427,13.290948,13.3877,11.999052
1,22.099407,24.364157,17.97548,14.611468,15.624724,13.116146
2,16.418364,16.389597,8.693616,9.382427,9.164677,6.938879
