t,x,y,z,vx,vy,vz
0,99.54178,80.34859,57.12416,51.031647,42.790855,46.438663
1,43.5114,37.34501,27.050062,22.955563,19.314512,21.666235
2,57.592155,48.087063,33.833065,26.709156,24.187162,26.506285
