t,x,y,z,vx,vy,vz
0,104.64532,91.381584,65.78031,62.32953,51.856106,53.354355
1,47.975266,47.91969,35.39702,32.132572,27.672039,29.25932
2,56.067867,45.50301,31.955406,24.155313,22.157991,23.708752
