t,x,y,z,vx,vy,vz
0,34.14838,27.412836,19.689087,18.66903,16.752733,17.350704
1,15.726734,14.686973,10.367441,9.667941,8.659152,9.394764
2,18.14643,13.485742,9.572258,6.8568487,7.0354567,7.6235633
