t,x,y,z,vx,vy,vz
0,23.784698,19.747393,15.12742,12.737203,12.705535,12.676246
1,21.063322,20.434425,15.295241,12.435564,13.825708,10.561387
2,40.641148,35.553375,22.395882,21.374397,21.767561,19.359552
