t,x,y,z,vx,vy,vz
0,6.5971227,6.0636196,4.7445173,3.5896418,4.17184,4.083281
1,7.2881284,7.3412943,5.695855,4.1518617,4.9981494,4.5213733
2,5.074597,4.6318893,2.6654763,2.428816,2.7308142,2.9662006
