t,x,y,z,vx,vy,vz
0,9.312624,8.146852,5.4986095,4.716103,4.518294,4.3973045
1,6.1665187,7.2141247,5.0148535,4.2553344,5.187569,3.7878537
2,25.133345,24.682417,16.098644,14.985059,15.469023,11.999038
