t,x,y,z,vx,vy,vz
0,26.932735,25.333038,16.511152,13.88439,12.674344,12.823257
1,10.659861,9.338578,6.3181014,5.6614447,4.7463255,4.551088
2,19.247023,20.69303,13.724781,11.884304,11.804103,11.414702
