feature,mean_abs_attr
vy,12.77877
vx,11.172458
vz,7.7571883
y,3.4904556
x,3.0233479
z,1.8784928
