feature,mean_abs_attr
vy,72.74397
vx,68.611305
vz,59.560623
y,57.563717
x,47.149208
z,35.773735
