t,x,y,z,vx,vy,vz
0,384.22296,429.4798,247.92592,209.49216,308.61575,201.44601
1,310.2447,501.27423,297.22617,172.61288,254.54453,276.7768
2,245.72656,229.8649,133.63919,97.58381,165.86986,106.3591
