feature,mean_abs_attr
y,386.873
x,313.39804
vy,243.01009
z,226.26376
vz,194.86063
vx,159.89636
