t,x,y,z,vx,vy,vz
0,140.9621,160.40704,93.34455,77.498726,105.01106,86.29078
1,131.7319,209.48692,132.34796,71.64942,102.168945,127.47713
2,74.387726,71.489746,45.84938,26.654182,40.914238,41.83269
