t,x,y,z,vx,vy,vz
0,588.1719,937.17554,570.72546,368.9475,570.51587,470.75015
1,662.36584,1342.1039,796.7418,409.5234,639.3376,723.1513
2,407.88977,459.6642,241.37692,117.33417,213.45451,247.0583
