t,x,y,z,vx,vy,vz
0,289.68036,191.20917,79.807816,133.31752,184.06464,56.20304
1,177.54774,151.77748,87.32135,64.92414,92.94323,78.11138
2,192.24869,209.6207,142.31163,114.320114,189.18283,92.89629
