t,x,y,z,vx,vy,vz
0,518.07764,429.12732,247.82578,258.2048,374.87186,192.54
1,269.33328,301.7289,172.49352,144.35486,183.72841,178.36781
2,308.38025,178.68536,105.01873,132.0268,219.92781,43.64904
