feature,mean_abs_attr
vy,4.7621713
vx,4.48807
vz,3.1607208
x,2.6476386
y,2.381726
z,1.3681123
