feature,mean_abs_attr
vy,8.332853
vx,6.3897
vz,4.9876738
y,4.036569
x,3.391054
z,2.4262607
