t,x,y,z,vx,vy,vz
0,12.192987,14.043773,5.5767117,70.41622,88.06681,49.010326
1,22.416878,25.551502,11.3013735,151.37779,183.17474,106.41712
2,0.54728776,0.75520545,0.40070316,1.3850192,0.9093111,1.6008801
