t,x,y,z,vx,vy,vz
0,0.009149282,0.012338797,0.01431218,0.12306856,0.13835019,0.13546588
1,0.014059006,0.011310847,0.018817836,0.14018776,0.15778725,0.14595626
2,0.01841736,0.011258516,0.012610192,0.09211443,0.10376887,0.09341549
