feature,mean_abs_attr
vy,90.71698
vx,74.39302
vz,52.342785
y,13.45016
x,11.719046
z,5.759598
