feature,mean_abs_attr
vy,0.13330212
vz,0.12494586
vx,0.11845695
z,0.015246735
x,0.013875217
y,0.011636047
