t,x,y,z,vx,vy,vz
0,17.74042,19.918827,7.943207,97.401886,124.4019,66.02466
1,33.997032,37.802486,16.991182,228.47809,273.26904,161.2055
2,0.72611666,1.1855729,0.4410781,1.3171862,1.3654501,1.199035
