t,x,y,z,vx,vy,vz
0,0.015723098,0.020417238,0.024917543,0.21224518,0.23687516,0.23008266
1,0.024570044,0.018756898,0.033287566,0.2394189,0.26605973,0.24711396
2,0.033107724,0.019470608,0.021916002,0.1590359,0.16905048,0.15900108
