t,x,y,z,vx,vy,vz
0,17.221529,20.686714,7.8983855,102.0907,129.92319,71.07103
1,31.14766,36.777348,15.689965,207.95894,258.99957,144.91035
2,0.8625999,1.0364808,0.85010946,2.741946,1.2049526,3.7706275
