t,x,y,z,vx,vy,vz
0,3.9688647,4.471187,1.8371187,22.19138,27.84874,15.861123
1,6.9070673,7.7408323,3.4212506,44.89449,55.14749,31.582243
2,0.1650524,0.28014886,0.09862214,0.4115728,0.37334403,0.429663
