t,x,y,z,vx,vy,vz
0,0.012610552,0.017191788,0.019336082,0.1685025,0.1920179,0.18994145
1,0.019285433,0.015615331,0.024968015,0.19176021,0.22013466,0.203894
2,0.025558764,0.015245985,0.016532486,0.12337778,0.1448912,0.12619632
