t,x,y,z,vx,vy,vz
0,0.005804244,0.008558982,0.009048159,0.07918432,0.0909484,0.08705123
1,0.008698041,0.007647665,0.011063517,0.0931199,0.10825899,0.09475254
2,0.010788602,0.007949082,0.009817299,0.06280129,0.07662197,0.065120466
