t,x,y,z,vx,vy,vz
0,0.002459225,0.0031871866,0.003946935,0.03234248,0.033559274,0.03478811
1,0.0036825365,0.0032234904,0.005952247,0.036451872,0.036695823,0.038064376
2,0.0042143622,0.002368397,0.0021749805,0.023242867,0.024511728,0.0233442
