t,x,y,z,vx,vy,vz
0,9.841125,11.098338,4.62814,59.980915,70.093346,43.08453
1,17.615744,19.885357,9.103098,124.1798,145.28307,87.970345
2,0.43538284,0.51861835,0.21300302,1.0693699,0.69349694,1.0041945
