feature,mean_abs_attr
vx,13.60842
vy,12.875357
vz,9.023151
x,6.1564727
y,6.083392
z,3.5833838
