feature,mean_abs_attr
y,16.22837
x,13.51009
z,13.374909
vy,13.205138
vx,11.74271
vz,7.6355157
