feature,mean_abs_attr
vx,13.253809
vy,13.176018
y,12.222751
x,11.655118
vz,9.386127
z,8.467791
