t,a,ecc,inc,RAAN,argp,nu
0,0.29682207,8.966605,8.31834,8.042279,11.773926,64.426895
1,0.7082365,34.19721,30.605164,24.868618,40.9065,94.06717
2,3.3207848,85.37147,35.64633,31.15018,58.17711,182.56598
