t,a,ecc,inc,RAAN,argp,nu
0,0.35933527,6.1742744,7.708389,8.363341,18.319881,63.540985
1,0.9850442,31.454374,9.433329,11.571575,9.5742655,49.1464
2,1.63962,60.204716,17.605072,19.474787,34.969765,122.51542
