feature,mean_abs_attr
nu,113.686646
ecc,42.845085
argp,36.952488
inc,24.856607
RAAN,21.3537
a,1.441947
