feature,mean_abs_attr
nu,78.40095
ecc,32.611134
argp,20.954634
RAAN,13.136569
inc,11.582262
a,0.99466646
