t,a,ecc,inc,RAAN,argp,nu
0,0.36710662,15.082365,10.569496,9.058176,17.224812,90.22606
1,1.0117183,65.320435,39.08021,34.031647,43.999836,51.925602
2,1.0332702,19.444054,20.561687,15.993527,28.201664,68.270386
