t,a,ecc,inc,RAAN,argp,nu
0,0.4757608,8.086842,12.091802,11.480183,13.007785,114.662315
1,0.8275476,21.309044,35.389782,30.359545,55.77238,236.50464
2,5.483627,164.5928,66.57351,60.825214,100.66241,435.37878
