t,a,ecc,inc,RAAN,argp,nu
0,0.42810887,6.5831337,12.39202,14.598708,35.16839,46.063183
1,1.2059925,11.756201,8.330445,14.6035795,6.327787,72.894844
2,2.138666,107.80234,40.348606,45.144833,72.20252,338.6733
