t,a,ecc,inc,RAAN,argp,nu
0,0.32866588,3.5143585,3.4057145,3.3863096,7.551328,29.76805
1,0.28548685,7.0851912,2.9751472,3.1305633,5.035838,22.547638
2,0.5873901,6.834139,6.4344683,7.5341225,9.460095,13.862774
