t,a,ecc,inc,RAAN,argp,nu
0,0.27458104,8.7033415,6.6509233,7.1491566,10.930893,36.70693
1,0.78490853,35.411156,36.802612,26.028675,47.58814,51.958096
2,5.853151,152.37071,38.30782,33.82234,85.77379,204.82587
