t,a,ecc,inc,RAAN,argp,nu
0,0.069839604,3.9938734,3.9611533,4.481599,5.932208,16.112228
1,0.20877248,14.748205,11.148002,9.054633,16.26559,35.880276
2,0.9130845,5.0782385,17.142359,13.959666,18.07054,21.788755
