t,a,ecc,inc,RAAN,argp,nu
0,0.36554298,7.7084002,4.9887805,5.912265,11.422981,64.92952
1,1.2140542,36.686802,8.89001,9.18748,6.5336747,54.331284
2,3.3158069,112.58188,10.662953,11.750388,22.875053,81.45552
