t,a,ecc,inc,RAAN,argp,nu
0,0.31502292,6.891201,10.047039,9.556083,19.136795,113.403275
1,1.2346419,70.28926,17.537699,19.364683,20.399763,46.811783
2,0.5166197,13.600607,12.974285,13.469786,35.34139,56.07006
