feature,mean_abs_attr
argp,88.21527
inc,70.14338
RAAN,63.082348
a,50.746475
nu,40.639687
ecc,36.52674
