feature,mean_abs_attr
ecc,58.93429
nu,16.233341
argp,15.003347
inc,9.50237
RAAN,8.441788
a,6.1286063
