feature,mean_abs_attr
ecc,12.27128
nu,5.3341618
argp,4.4694147
RAAN,2.632903
inc,2.1936204
a,0.9878098
