t,x,y,z,vx,vy,vz
0,0.32513073,0.33328068,0.23070402,2.4996731,2.3738737,1.711488
1,1.0312113,0.84424925,0.66552764,8.040708,6.7317066,5.6811085
2,0.31556696,0.48466668,0.20886797,2.3189194,3.017849,1.3277587
