t,x,y,z,vx,vy,vz
0,2.114763,2.1064053,0.975204,7.9138193,8.497827,5.4076223
1,1.2545526,1.2676762,0.80970794,6.7928143,6.785932,5.193625
2,0.11702535,0.23169957,0.08457977,0.6572836,0.7381089,0.52764523
