feature,mean_abs_attr
vy,5.340623
vx,5.121305
vz,3.7096298
y,1.2019267
x,1.1621143
z,0.6231638
