feature,mean_abs_attr
vx,4.2864337
vy,4.0411425
vz,2.9067852
x,0.557303
y,0.55406564
z,0.36836666
