t,x,y,z,vx,vy,vz
0,0.4199713,0.4274627,0.31377995,3.3328273,3.1564906,2.3937156
1,0.6330461,0.44989327,0.41886508,4.7989435,3.663674,3.6597633
2,0.41039014,0.6133946,0.2554667,3.0933387,3.8542325,1.8538486
