t,x,y,z,vx,vy,vz
0,0.5062877,0.47475076,0.2644051,3.21742,3.3582096,2.0932925
1,1.3469969,1.2116659,0.852296,10.553803,9.556565,7.297124
2,0.17612505,0.27414164,0.13266195,1.204145,1.7448242,0.675271
