t,x,y,z,vx,vy,vz
0,1.2106192,1.1683525,0.56085414,4.527962,4.874987,3.2882862
1,0.80654246,0.7951096,0.45652017,4.357517,4.316323,3.3575058
2,0.042721502,0.10163173,0.026924962,0.21463224,0.19395046,0.18476906
