t,x,y,z,vx,vy,vz
0,0.2315692,0.29602432,0.26885304,2.4978898,2.046579,1.7840028
1,1.6190226,1.2544156,1.0564566,12.629836,10.143685,9.007112
2,0.59771335,0.92322797,0.38802743,4.4233084,5.701846,2.463988
