t,x,y,z,vx,vy,vz
0,2.8640366,2.7884643,1.2797966,9.45757,10.476215,6.3384323
1,0.15518628,0.25419435,0.32556403,0.86212164,0.889277,0.69292295
2,0.11769312,0.24358867,0.091193505,0.67095625,0.8196515,0.5759992
