t,x,y,z,vx,vy,vz
0,3.1007464,3.0534534,1.4599159,12.15624,12.620505,8.41382
1,2.6133733,2.5422595,1.5112786,14.569193,14.510654,10.9761505
2,0.1328351,0.37161323,0.10294715,0.7222513,0.74622905,0.574222
