t,x,y,z,vx,vy,vz
0,0.14269476,0.13488474,0.07577787,0.9505561,0.9342189,0.57494164
1,0.52578044,0.4610232,0.33449364,4.1802497,3.5628986,2.7604327
2,0.0780392,0.12790212,0.059315715,0.55488706,0.7704927,0.31792766
