t,x,y,z,vx,vy,vz
0,1.2836514,1.4153491,0.6002496,5.513508,6.019605,3.5899515
1,1.4431087,1.4791434,0.9454694,7.382436,7.4274707,5.747914
2,0.17485179,0.20996456,0.11725341,1.021295,1.1926045,0.7755899
