feature,mean_abs_attr
RAAN,12.419682
argp,11.23857
nu,6.80588
a,2.627778
inc,1.7810484
ecc,0.9721586
