t,x,y,z,vx,vy,vz
0,319.20392,493.541,234.65211,406.7255,328.32443,253.64359
1,291.60226,442.14297,260.52808,360.70673,285.5137,324.97708
2,154.94078,174.06992,107.94136,156.41566,138.94922,119.998276
