t,x,y,z,vx,vy,vz
0,23.83461,52.87935,51.379173,39.01041,54.242176,40.40308
1,15.25212,34.97026,35.38666,22.793558,36.26931,29.451681
2,11.896252,22.09328,19.3926,21.371664,22.551117,14.549665
