feature,mean_abs_attr
vy,37.68753
y,36.647636
z,35.386127
vz,28.134806
vx,27.725216
x,16.994322
