feature,mean_abs_attr
y,369.9181
vx,307.94922
x,255.24889
vy,250.92908
vz,232.87305
z,201.04044
