t,x,y,z,vx,vy,vz
0,189.13893,262.1973,103.90101,228.13518,198.78972,78.18847
1,93.33915,148.68579,63.28197,117.34162,93.65444,80.274796
2,148.47154,185.19357,92.03856,157.20314,153.31026,96.33499
