t,x,y,z,vx,vy,vz
0,11.050408,22.029325,25.366705,16.663963,28.158155,16.824566
1,6.548618,14.07176,15.248089,9.745988,16.434958,11.88759
2,7.333213,10.891366,11.99822,10.351367,14.666085,7.545872
