t,x,y,z,vx,vy,vz
0,376.58176,631.0263,248.40967,523.3603,382.12512,258.39868
1,243.19244,433.28574,190.76334,341.01746,236.17406,225.82584
2,186.26772,234.5953,91.2178,212.91927,175.53552,61.49666
