t,x,y,z,vx,vy,vz
0,35.12911,75.559425,71.92844,55.536682,75.74356,56.593563
1,22.075365,50.015316,48.90731,32.301575,49.53169,40.80975
2,18.310337,32.544765,28.360346,31.383198,32.634457,21.017448
