t,x,y,z,vx,vy,vz
0,13.090034,31.258347,25.872454,22.995628,26.700285,24.347649
1,8.769546,21.109154,18.990242,13.546132,18.988487,17.765234
2,5.0719743,11.788669,8.502451,11.579541,9.483357,7.638461
