t,x,y,z,vx,vy,vz
0,116.80068,179.15417,89.48226,147.97676,125.000404,99.3431
1,122.34653,177.27838,107.34046,144.62396,124.357445,132.52287
2,41.69351,41.634075,29.901928,40.60768,35.111916,35.68154
