t,x,y,z,vx,vy,vz
0,594.2945,901.78613,496.81555,727.4301,607.3822,578.6444
1,707.53064,1009.32166,680.7264,839.8446,687.8688,861.2847
2,243.33037,234.85672,218.60709,214.93272,191.83943,286.47998
