t,x,y,z,vx,vy,vz
0,36.068897,82.670296,82.34902,60.845333,86.36671,63.84655
1,23.614916,54.684772,58.401028,35.580544,60.122097,47.344154
2,16.869486,33.14832,28.70937,32.17257,33.42052,21.996887
