t,x,y,z,vx,vy,vz
0,9.504385,14.536803,12.329413,7.9382563,8.2477045,6.2847457
1,9.7298975,14.667063,13.184699,8.376003,8.76632,6.74836
2,17.076118,18.81875,13.346057,10.840545,11.080085,8.686149
