t,x,y,z,vx,vy,vz
0,569.10114,558.50305,272.5898,78.03291,92.577194,64.41246
1,218.22902,207.85309,89.28845,19.166315,23.958181,20.48593
2,346.00974,346.73837,180.09438,29.122429,32.0883,24.5421
