feature,mean_abs_attr
y,16.007536
z,12.953387
x,12.103471
vy,9.364704
vx,9.051599
vz,7.2397494
