feature,mean_abs_attr
x,377.78006
y,371.03146
z,180.65749
vy,49.541225
vx,42.107227
vz,36.480164
