t,x,y,z,vx,vy,vz
0,75.014496,74.94517,36.780552,14.090221,17.112488,12.675057
1,26.36563,26.622269,9.847768,3.1056743,3.9590755,3.1660051
2,48.903698,49.538048,28.53461,10.111216,10.751244,8.415729
