t,x,y,z,vx,vy,vz
0,7.1091766,9.561204,7.0102196,4.751361,4.6101356,3.388721
1,5.868975,7.171472,6.328321,3.4154232,3.9744844,2.7559245
2,17.88372,21.631435,15.822106,12.682138,12.775168,9.909129
