t,x,y,z,vx,vy,vz
0,1128.4384,1146.4575,552.79,146.04468,179.82011,120.89144
1,434.23337,426.42026,184.3555,37.434162,47.94458,39.994164
2,679.2779,706.0482,358.41586,52.454964,57.9301,42.98461
