t,x,y,z,vx,vy,vz
0,15.594528,23.200602,19.211514,12.92548,12.663029,10.091206
1,15.097993,20.22663,18.562109,11.786485,11.992276,9.49982
2,29.887886,33.74998,23.888416,19.876007,19.37006,16.014887
