t,x,y,z,vx,vy,vz
0,345.34778,334.2563,154.19662,47.99284,52.596825,37.4266
1,134.24065,125.23194,50.87146,12.043707,13.889311,12.2132435
2,209.8074,207.0485,101.286545,16.225048,17.203005,13.287045
