t,x,y,z,vx,vy,vz
0,4.5979843,7.604052,6.609853,4.2129936,4.6363435,3.4766567
1,5.1094136,8.975069,7.5849504,5.1274004,5.324145,4.1582856
2,6.566024,6.6649933,4.7551284,3.653835,4.213837,2.8354
