t,x,y,z,vx,vy,vz
0,727.6032,678.35364,346.59143,104.00396,120.77935,86.6567
1,278.07632,253.13776,112.079,24.081732,30.03976,26.570322
2,446.05063,424.31842,232.14049,37.698513,42.468826,33.481033
