t,x,y,z,vx,vy,vz
0,10.715865,17.781357,16.486057,9.86318,11.0813055,8.182393
1,12.843206,22.295055,20.26341,13.174707,13.774366,10.579414
2,13.966862,13.228563,8.9185705,7.1501946,7.9612684,5.985175
