feature,mean_abs_attr
x,39.13384
y,33.242138
z,22.582228
vy,20.282013
vx,16.11531
vz,13.501814
