feature,mean_abs_attr
y,42.685463
z,36.55646
x,35.71965
vy,22.14615
vx,20.220955
vz,14.738025
