feature,mean_abs_attr
y,58.915096
vy,50.04303
z,46.373898
vz,43.27902
vx,39.436996
x,37.869106
