feature,mean_abs_attr
x,185.09076
y,170.04045
vy,112.6645
z,107.08478
vx,88.16775
vz,68.16029
