feature,mean_abs_attr
nu,1.4604894
ecc,1.024503
a,0.122839786
RAAN,0.104040384
argp,0.094026424
inc,0.04432114
