feature,mean_abs_attr
nu,1.118392
ecc,0.77504766
RAAN,0.07368739
a,0.07076245
argp,0.056642275
inc,0.04352618
