feature,mean_abs_attr
vx,3.9771173
vy,3.8570871
vz,3.3566086
y,2.2868748
x,1.8880241
z,1.1691785
