feature,mean_abs_attr
vx,6.6629734
vy,5.9237933
vz,4.5644245
y,2.9457362
x,2.463721
z,1.5583366
