t,a,ecc,inc,RAAN,argp,nu
0,12.325065,4.6941705,12.262668,95.82961,101.22974,70.83644
1,19.21502,6.7055974,14.979125,138.43668,136.79736,76.13801
2,0.3834105,0.16847363,0.6025325,1.5193448,1.2394726,0.68714887
