feature,mean_abs_attr
argp,79.75554
RAAN,78.595245
nu,49.22052
a,10.641164
inc,9.28144
ecc,3.8560808
