t,a,ecc,inc,RAAN,argp,nu
0,17.592525,6.6939707,17.663912,139.68219,142.06943,112.01295
1,25.530956,8.359409,15.461139,176.7621,155.53256,53.994427
2,0.7065088,0.25158364,1.2183995,2.45016,1.4258764,0.25888133
