t,a,ecc,inc,RAAN,argp,nu
0,4.42974,1.6160095,3.8224893,33.021862,32.77183,12.810141
1,6.6604075,2.223511,4.183999,46.84213,45.863438,16.336962
2,0.09000999,0.047583263,0.15785655,0.8082514,0.7465375,0.13110812
