t,a,ecc,inc,RAAN,argp,nu
0,15.957717,6.056652,17.916964,125.54476,142.84023,123.830086
1,24.863228,9.327551,27.763882,191.424,209.77863,186.0664
2,0.4965692,0.25095436,0.67159367,1.3617175,1.6879554,2.136863
