t,a,ecc,inc,RAAN,argp,nu
0,11.3202715,4.4100537,9.647282,85.06964,87.23749,34.692493
1,19.805458,6.911904,12.507479,138.71869,136.01492,48.154175
2,0.24055387,0.12377322,0.362281,1.4572499,1.0975211,0.22174302
