t,x,y,z,vx,vy,vz
0,22.437256,20.652798,13.941777,110.17556,102.35117,73.79768
1,22.700941,20.948927,14.145563,113.69761,107.03617,76.80112
2,1.1389613,0.3299304,0.30751002,2.5896838,1.553845,1.0285169
