feature,mean_abs_attr
vx,75.4876
vy,70.313705
vz,50.54244
x,15.425722
y,13.977216
z,9.46495
