t,x,y,z,vx,vy,vz
0,29.221222,28.249971,17.332846,139.10432,130.46016,92.30422
1,29.554916,28.766039,17.65396,148.68903,142.64404,101.02487
2,0.94692045,0.42778924,0.5010807,2.360703,1.3980572,0.82590014
