t,x,y,z,vx,vy,vz
0,8.537947,7.8727508,5.5369844,44.069187,39.432144,28.99908
1,7.826953,7.198656,5.1230903,41.704945,37.371925,27.260956
2,0.45637348,0.15622084,0.09183315,1.090077,0.6666484,0.24722244
