t,x,y,z,vx,vy,vz
0,18.528576,16.808277,11.326878,90.97855,85.43459,62.391445
1,19.791393,18.049572,12.211492,96.74655,91.67603,67.376076
2,0.9877768,0.21177725,0.3152577,2.1048687,1.0822022,0.6484986
