t,x,y,z,vx,vy,vz
0,33.461277,29.680216,21.570406,166.55032,154.07767,111.49595
1,33.630512,29.78144,21.593697,167.64995,156.45288,111.54261
2,2.1647735,0.5239342,0.32186872,4.803085,3.068473,2.3924468
