feature,mean_abs_attr
vy,9.522868
vx,9.235444
vz,7.3233447
y,4.127405
x,4.1256704
z,2.9359365
