feature,mean_abs_attr
vy,3.1668081
vx,3.0802574
vz,2.3217103
x,1.0988282
y,1.0422709
z,0.64525247
