t,x,y,z,vx,vy,vz
0,403.45425,752.34064,339.02863,435.61255,467.96033,318.92908
1,189.51736,562.5099,201.20169,260.23752,335.17694,206.69138
2,268.16385,317.28366,192.76704,243.94786,254.78656,172.43651
