feature,mean_abs_attr
y,544.0446
vy,352.6413
vx,313.26593
x,287.04507
z,244.33247
vz,232.68573
