t,x,y,z,vx,vy,vz
0,616.62415,1033.0482,482.51273,632.39435,643.304,451.45297
1,195.9495,594.33374,184.06308,298.82172,258.937,187.76959
2,464.14462,541.7024,330.40225,404.90402,428.21896,288.39133
