t,x,y,z,vx,vy,vz
0,152.87694,321.20792,134.19943,181.77151,187.35004,139.33775
1,88.74373,264.42285,92.43013,128.48041,153.24123,99.900566
2,83.207535,91.370895,57.881756,76.06223,69.62808,55.046665
