t,x,y,z,vx,vy,vz
0,563.29175,1218.1653,534.9781,631.0865,788.673,490.6502
1,396.2605,1209.6758,464.40744,503.3576,822.6029,473.57956
2,266.16415,251.87074,169.5238,254.32262,216.31499,157.49588
