t,x,y,z,vx,vy,vz
0,281.0243,436.94147,204.42421,297.19757,252.51381,194.2754
1,77.11535,181.60742,63.906075,110.29038,105.92718,65.5158
2,259.13913,384.19012,213.26018,240.50267,304.9841,188.81226
