feature,mean_abs_attr
vy,59.21898
vx,50.03352
y,49.925243
vz,46.886406
x,41.87658
z,33.93365
