feature,mean_abs_attr
vy,5.191822
x,5.1204786
y,4.9573784
vx,4.4630895
z,2.9051054
vz,2.6765616
