t,x,y,z,vx,vy,vz
0,11.408977,11.96451,6.6944437,56.860947,58.314457,38.65817
1,19.602787,20.071703,10.877449,86.97459,89.56519,61.330944
2,0.27861717,0.56274754,0.64108396,0.63049895,1.3983294,0.71152085
