feature,mean_abs_attr
vy,49.759315
vx,48.155323
vz,33.56688
y,10.8663225
x,10.43013
z,6.0709915
