t,x,y,z,vx,vy,vz
0,3.8976285,4.025608,2.362606,18.940815,20.271847,13.300225
1,5.861747,6.0994115,3.439596,25.953554,28.113558,18.8151
2,0.15036352,0.2822289,0.23735577,0.2196882,0.5592961,0.3267457
