t,x,y,z,vx,vy,vz
0,7.8142467,8.065164,4.539322,40.244114,39.553226,26.739923
1,13.679231,13.908869,7.4789324,63.58014,61.56151,43.723354
2,0.13672543,0.2894459,0.4927366,0.51101726,1.340185,0.73166156
