t,x,y,z,vx,vy,vz
0,18.272673,19.817688,10.739292,94.441925,94.36713,62.320946
1,32.838554,33.76453,18.285864,147.38974,149.50716,103.33479
2,0.42667535,1.3740652,0.84591603,0.95559764,1.8526239,0.9867884
