t,x,y,z,vx,vy,vz
0,15.651368,15.949589,9.136555,73.81695,79.06559,52.271523
1,26.031609,26.51402,14.305388,110.97484,119.078514,79.45054
2,0.40070468,0.30525014,0.98832875,0.83569366,1.8412107,0.8008872
